id,genre,track_name,location,preview_url,filename,artist,danceability,energy,key,loudness,mode,speechiness,acousticness,instrumentalness,liveness,valence,tempo,mood
0ziXftS3A7jAVobpKVKwg9,post-rock,"Dvergmál (with Steindór Andersen, Hilmar Örn Hilmarsson and María Huld Markan Sigfúsdóttir)","./scrapes/Dark/Dvergmál (with Steindór Andersen, Hilmar Örn Hilmarsson and María Huld Markan Sigfúsdóttir).mp3",https://p.scdn.co/mp3-preview/728e9c2984513a9550fcea88a3be6ebe6cb8e80f?cid=04efa8f320b849739fa98c7d12ffbe9c,"Dvergmál (with Steindór Andersen, Hilmar Örn Hilmarsson and María Huld Markan Sigfúsdóttir).mp3",Sigur Rós,0.452,0.507,9,-13.181,0,0.0272,0.215,0.905,0.0788,0.56,130.608,Dark
0ziXftS3A7jAVobpKVKwg9,compositional ambient,"Dvergmál (with Steindór Andersen, Hilmar Örn Hilmarsson and María Huld Markan Sigfúsdóttir)","./scrapes/Dark/Dvergmál (with Steindór Andersen, Hilmar Örn Hilmarsson and María Huld Markan Sigfúsdóttir).mp3",https://p.scdn.co/mp3-preview/728e9c2984513a9550fcea88a3be6ebe6cb8e80f?cid=04efa8f320b849739fa98c7d12ffbe9c,"Dvergmál (with Steindór Andersen, Hilmar Örn Hilmarsson and María Huld Markan Sigfúsdóttir).mp3",Hilmar Örn Hilmarsson,0.452,0.507,9,-13.181,0,0.0272,0.215,0.905,0.0788,0.56,130.608,Dark
2njj6RRRr3LTQ0KR57k3bY,compositional ambient,Carapace,./scrapes/Dark/Carapace.mp3,https://p.scdn.co/mp3-preview/afccdc6c43a6990bcd072eeffe4143d96e4738e8?cid=04efa8f320b849739fa98c7d12ffbe9c,Carapace.mp3,Julia Kent,0.479,0.325,4,-14.01,0,0.0333,0.161,0.752,0.104,0.222,132.046,Dark
1F3pzdYyCJlnQoCM9gFzaU,alternative dance,Dimensions,./scrapes/Dark/Dimensions.mp3,https://p.scdn.co/mp3-preview/5bab5a0e4b071d63509896b706101d0d6267632a?cid=04efa8f320b849739fa98c7d12ffbe9c,Dimensions.mp3,Arcade Fire,0.218,0.179,3,-24.814,1,0.0397,0.966,0.956,0.0858,0.0383,163.743,Dark
74xCaDznBiIIktSPbFd31H,electronica,Blurred - Sven Helbig Rework,./scrapes/Dark/Blurred - Sven Helbig Rework.mp3,https://p.scdn.co/mp3-preview/b671ee0fc405718f36b68f3a2f0b1d2476bd09cf?cid=04efa8f320b849739fa98c7d12ffbe9c,Blurred - Sven Helbig Rework.mp3,Kiasmos,0.0855,0.122,2,-18.526,1,0.0436,0.946,0.945,0.134,0.0372,85.44,Dark
3Pb1B51RXr8DnmGpR14GXl,italian electronica,Rückenfigur,./scrapes/Dark/Rückenfigur.mp3,https://p.scdn.co/mp3-preview/4d9612f4ce632faf59d73e0409efca2587cdaef4?cid=04efa8f320b849739fa98c7d12ffbe9c,Rückenfigur.mp3,Dardust,0.627,0.468,7,-10.916,0,0.0291,0.522,0.927,0.326,0.13,95.002,Dark
0ziXftS3A7jAVobpKVKwg9,icelandic classical,"Dvergmál (with Steindór Andersen, Hilmar Örn Hilmarsson and María Huld Markan Sigfúsdóttir)","./scrapes/Dark/Dvergmál (with Steindór Andersen, Hilmar Örn Hilmarsson and María Huld Markan Sigfúsdóttir).mp3",https://p.scdn.co/mp3-preview/728e9c2984513a9550fcea88a3be6ebe6cb8e80f?cid=04efa8f320b849739fa98c7d12ffbe9c,"Dvergmál (with Steindór Andersen, Hilmar Örn Hilmarsson and María Huld Markan Sigfúsdóttir).mp3",Hilmar Örn Hilmarsson,0.452,0.507,9,-13.181,0,0.0272,0.215,0.905,0.0788,0.56,130.608,Dark
1ZaOnB3zJoGdf56rQPqOi5,neo-classical,Autumn Rain Rework,./scrapes/Dark/Autumn Rain Rework.mp3,https://p.scdn.co/mp3-preview/5c2a600742c2a615cfba4e974cf7c95d974e83d3?cid=04efa8f320b849739fa98c7d12ffbe9c,Autumn Rain Rework.mp3,Vivian Roost,0.342,0.437,8,-13.006,1,0.0341,0.81,0.834,0.387,0.0394,172.552,Dark
2njj6RRRr3LTQ0KR57k3bY,cello,Carapace,./scrapes/Dark/Carapace.mp3,https://p.scdn.co/mp3-preview/afccdc6c43a6990bcd072eeffe4143d96e4738e8?cid=04efa8f320b849739fa98c7d12ffbe9c,Carapace.mp3,Julia Kent,0.479,0.325,4,-14.01,0,0.0333,0.161,0.752,0.104,0.222,132.046,Dark
4HUsC4vT6Aqeql8FKLfnbJ,soundtrack,No Ball Games (Original Motion Picture Soundtrack),./scrapes/Dark/No Ball Games (Original Motion Picture Soundtrack).mp3,https://p.scdn.co/mp3-preview/be7f6cc8be80b5bd78999f10bad9008e5157c5a3?cid=04efa8f320b849739fa98c7d12ffbe9c,No Ball Games (Original Motion Picture Soundtrack).mp3,Patrick Jonsson,0.24,0.229,0,-18.088,1,0.0337,0.925,0.951,0.0626,0.0384,96.626,Dark
3sUtDNoHKdFV4WXShozY22,neo-classical,Akal Ki,./scrapes/Dark/Akal Ki.mp3,https://p.scdn.co/mp3-preview/1f8695f28af88e403a09a496b8737555d9dfaccc?cid=04efa8f320b849739fa98c7d12ffbe9c,Akal Ki.mp3,Aukai,0.652,0.515,11,-12.034,0,0.0324,0.239,0.751,0.0991,0.203,134.969,Dark
2DmIDwMhMA3V0KipI78nM1,neoclassical darkwave,No Step on Wing,./scrapes/Dark/No Step on Wing.mp3,https://p.scdn.co/mp3-preview/3dacdcc974c08a2b6818ca43bd5fd45251cf6c1a?cid=04efa8f320b849739fa98c7d12ffbe9c,No Step on Wing.mp3,Nils Frahm,0.181,0.161,11,-27.538,1,0.0348,0.931,0.947,0.134,0.24,93.444,Dark
0TeV9D5NtoAjITBs80oMVg,soundtrack,Into the Fire,./scrapes/Dark/Into the Fire.mp3,https://p.scdn.co/mp3-preview/9e458d47e99aaac612bb22e4a063c395e87c3997?cid=04efa8f320b849739fa98c7d12ffbe9c,Into the Fire.mp3,Patrick Jonsson,0.371,0.235,6,-17.785,0,0.0384,0.906,0.943,0.11,0.0381,128.069,Dark
3Pb1B51RXr8DnmGpR14GXl,italian electronica,Rückenfigur,./scrapes/Dark/Rückenfigur.mp3,https://p.scdn.co/mp3-preview/4d9612f4ce632faf59d73e0409efca2587cdaef4?cid=04efa8f320b849739fa98c7d12ffbe9c,Rückenfigur.mp3,Dardust,0.627,0.468,7,-10.916,0,0.0291,0.522,0.927,0.326,0.13,95.002,Dark
2njj6RRRr3LTQ0KR57k3bY,modern cello,Carapace,./scrapes/Dark/Carapace.mp3,https://p.scdn.co/mp3-preview/afccdc6c43a6990bcd072eeffe4143d96e4738e8?cid=04efa8f320b849739fa98c7d12ffbe9c,Carapace.mp3,Julia Kent,0.479,0.325,4,-14.01,0,0.0333,0.161,0.752,0.104,0.222,132.046,Dark
4ANoLzEjtGOBl5qCvEiLov,wonky,A Year and a Day,./scrapes/Dark/A Year and a Day.mp3,https://p.scdn.co/mp3-preview/201c4cd6b99a77e5e0103be4e0c1327901633a54?cid=04efa8f320b849739fa98c7d12ffbe9c,A Year and a Day.mp3,Kelpe,0.17,0.218,0,-16.384,1,0.0394,0.401,0.878,0.102,0.0373,115.138,Dark
1sk2K7lpkZgAbTRjF07HhK,brighton indie,Nouveau-Né (Re-Imagined),./scrapes/Dark/Nouveau-Né (Re-Imagined).mp3,https://p.scdn.co/mp3-preview/7dc5938b7970af7ebc85e7131b422491c9b8b7c5?cid=04efa8f320b849739fa98c7d12ffbe9c,Nouveau-Né (Re-Imagined).mp3,Phoria,0.415,0.0711,11,-27.629,1,0.0355,0.989,0.871,0.0856,0.11,79.004,Dark
6TCkr5rl8Bu12hIXheOTqx,nu age,Parade I,./scrapes/Dark/Parade I.mp3,https://p.scdn.co/mp3-preview/e61a8db698e4737c6c355ea40a6cd2ce17a61d3f?cid=04efa8f320b849739fa98c7d12ffbe9c,Parade I.mp3,Moshimoss,0.142,0.256,4,-16.043,1,0.0416,0.854,0.813,0.0729,0.0307,69.942,Dark
3sUtDNoHKdFV4WXShozY22,compositional ambient,Akal Ki,./scrapes/Dark/Akal Ki.mp3,https://p.scdn.co/mp3-preview/1f8695f28af88e403a09a496b8737555d9dfaccc?cid=04efa8f320b849739fa98c7d12ffbe9c,Akal Ki.mp3,Aukai,0.652,0.515,11,-12.034,0,0.0324,0.239,0.751,0.0991,0.203,134.969,Dark
1F3pzdYyCJlnQoCM9gFzaU,new rave,Dimensions,./scrapes/Dark/Dimensions.mp3,https://p.scdn.co/mp3-preview/5bab5a0e4b071d63509896b706101d0d6267632a?cid=04efa8f320b849739fa98c7d12ffbe9c,Dimensions.mp3,Arcade Fire,0.218,0.179,3,-24.814,1,0.0397,0.966,0.956,0.0858,0.0383,163.743,Dark
1F3pzdYyCJlnQoCM9gFzaU,alternative rock,Dimensions,./scrapes/Dark/Dimensions.mp3,https://p.scdn.co/mp3-preview/5bab5a0e4b071d63509896b706101d0d6267632a?cid=04efa8f320b849739fa98c7d12ffbe9c,Dimensions.mp3,Arcade Fire,0.218,0.179,3,-24.814,1,0.0397,0.966,0.956,0.0858,0.0383,163.743,Dark
1uIjVysHAMBXEr8Arx7tfT,swiss indie,Ave,./scrapes/Dark/Ave.mp3,https://p.scdn.co/mp3-preview/d8ad1a94a1d492fb8cdf5ff09789bb7c03fe3951?cid=04efa8f320b849739fa98c7d12ffbe9c,Ave.mp3,Pablo Nouvelle,0.587,0.0877,7,-23.077,0,0.0428,0.952,0.931,0.115,0.0922,159.801,Dark
68Cz5sfSKx1ugwoxJzLIHh,electronica,All the Way Round - Edit,./scrapes/Dark/All the Way Round - Edit.mp3,https://p.scdn.co/mp3-preview/aeca5ca6dda7b24d45112a97538481f60d559fc7?cid=04efa8f320b849739fa98c7d12ffbe9c,All the Way Round - Edit.mp3,Kelpe,0.252,0.147,2,-19.74,0,0.0365,0.911,0.949,0.103,0.0317,108.025,Dark
0ziXftS3A7jAVobpKVKwg9,post-rock,"Dvergmál (with Steindór Andersen, Hilmar Örn Hilmarsson and María Huld Markan Sigfúsdóttir)","./scrapes/Dark/Dvergmál (with Steindór Andersen, Hilmar Örn Hilmarsson and María Huld Markan Sigfúsdóttir).mp3",https://p.scdn.co/mp3-preview/728e9c2984513a9550fcea88a3be6ebe6cb8e80f?cid=04efa8f320b849739fa98c7d12ffbe9c,"Dvergmál (with Steindór Andersen, Hilmar Örn Hilmarsson and María Huld Markan Sigfúsdóttir).mp3",Sigur Rós,0.452,0.507,9,-13.181,0,0.0272,0.215,0.905,0.0788,0.56,130.608,Dark
2njj6RRRr3LTQ0KR57k3bY,cello,Carapace,./scrapes/Dark/Carapace.mp3,https://p.scdn.co/mp3-preview/afccdc6c43a6990bcd072eeffe4143d96e4738e8?cid=04efa8f320b849739fa98c7d12ffbe9c,Carapace.mp3,Julia Kent,0.479,0.325,4,-14.01,0,0.0333,0.161,0.752,0.104,0.222,132.046,Dark
3Pb1B51RXr8DnmGpR14GXl,compositional ambient,Rückenfigur,./scrapes/Dark/Rückenfigur.mp3,https://p.scdn.co/mp3-preview/4d9612f4ce632faf59d73e0409efca2587cdaef4?cid=04efa8f320b849739fa98c7d12ffbe9c,Rückenfigur.mp3,Dardust,0.627,0.468,7,-10.916,0,0.0291,0.522,0.927,0.326,0.13,95.002,Dark
1F3pzdYyCJlnQoCM9gFzaU,freak folk,Dimensions,./scrapes/Dark/Dimensions.mp3,https://p.scdn.co/mp3-preview/5bab5a0e4b071d63509896b706101d0d6267632a?cid=04efa8f320b849739fa98c7d12ffbe9c,Dimensions.mp3,Owen Pallett,0.218,0.179,3,-24.814,1,0.0397,0.966,0.956,0.0858,0.0383,163.743,Dark
5b6rOFv35qB3NUWAzHzX6s,modern cello,Mayday,./scrapes/Dark/Mayday.mp3,https://p.scdn.co/mp3-preview/f5c78c6734eefe0bc767dca4fefe03ab3d472bc1?cid=04efa8f320b849739fa98c7d12ffbe9c,Mayday.mp3,Michael Peter Olsen,0.178,0.206,2,-16.532,1,0.0431,0.299,0.831,0.125,0.0766,126.614,Dark
1F3pzdYyCJlnQoCM9gFzaU,chamber pop,Dimensions,./scrapes/Dark/Dimensions.mp3,https://p.scdn.co/mp3-preview/5bab5a0e4b071d63509896b706101d0d6267632a?cid=04efa8f320b849739fa98c7d12ffbe9c,Dimensions.mp3,Owen Pallett,0.218,0.179,3,-24.814,1,0.0397,0.966,0.956,0.0858,0.0383,163.743,Dark
5h9QpeYnU4Q652BUKFXwQ4,neo-classical,Salt Point,./scrapes/Dark/Salt Point.mp3,https://p.scdn.co/mp3-preview/078650ac8df141bc66a9d4d71b99abd3bec3e450?cid=04efa8f320b849739fa98c7d12ffbe9c,Salt Point.mp3,Julia Kent,0.379,0.15,9,-16.608,0,0.0301,0.925,0.93,0.0821,0.0382,96.103,Dark
7pjiR8Zqj4PNHjO3YRdDXQ,classical,"Don Giovanni, K. 527, Act I: ""Madamina il catalogo è questo"" - Instrumental Version","./scrapes/Happy/Don Giovanni, K. 527, Act I: ""Madamina il catalogo è questo"" - Instrumental Version.mp3",https://p.scdn.co/mp3-preview/95a7184000e15b3c318bd749f9ca414ca299c9fe?cid=04efa8f320b849739fa98c7d12ffbe9c,"Don Giovanni, K. 527, Act I: ""Madamina il catalogo è questo"" - Instrumental Version.mp3",Wolfgang Amadeus Mozart,0.251,0.0636,2,-24.696,1,0.0451,0.933,0.811,0.0587,0.168,91.288,Happy
6nLlJi9YelHu6ljTDBA12U,german baroque,"Music for the Royal Fireworks, HWV 351 ""La Réjouissance"": IV. Allegro","./scrapes/Happy/Music for the Royal Fireworks, HWV 351 ""La Réjouissance"": IV. Allegro.mp3",https://p.scdn.co/mp3-preview/5306d337732a47f3e2aa5164141f5576406dfcbd?cid=04efa8f320b849739fa98c7d12ffbe9c,"Music for the Royal Fireworks, HWV 351 ""La Réjouissance"": IV. Allegro.mp3",George Frideric Handel,0.57,0.288,2,-13.782,1,0.034,0.965,0.884,0.0661,0.682,100.789,Happy
2DoX2EpC90wz1LtB9Mkb0v,classical,"Lo sposo deluso, K. 430: Ouverture. Allegro - Andante - Allegro","./scrapes/Happy/Lo sposo deluso, K. 430: Ouverture. Allegro - Andante - Allegro.mp3",https://p.scdn.co/mp3-preview/7b226f4aeaebaa5c82633bc55d671dda9198879e?cid=04efa8f320b849739fa98c7d12ffbe9c,"Lo sposo deluso, K. 430: Ouverture. Allegro - Andante - Allegro.mp3",Wolfgang Amadeus Mozart,0.301,0.216,2,-15.938,1,0.0372,0.972,0.89,0.125,0.126,137.061,Happy
7AGiqonERMfGrFJ6eWvUG6,classical,"Divertimento in D Major, K. 251: III. Andatino - Allegretto","./scrapes/Happy/Divertimento in D Major, K. 251: III. Andatino - Allegretto.mp3",https://p.scdn.co/mp3-preview/94c0e2ffaf01920b4612fcb33e0c213ec84baaea?cid=04efa8f320b849739fa98c7d12ffbe9c,"Divertimento in D Major, K. 251: III. Andatino - Allegretto.mp3",Wolfgang Amadeus Mozart,0.219,0.0615,9,-25.103,1,0.0451,0.972,0.903,0.199,0.236,70.066,Happy
5nsYZFNyMefd50yamWgMfy,late romantic era,"Pomp and Circumstance, Op. 39: No. 1, March in D Major","./scrapes/Happy/Pomp and Circumstance, Op. 39: No. 1, March in D Major.mp3",https://p.scdn.co/mp3-preview/c692a3670d7a16473204693266b462284b38590b?cid=04efa8f320b849739fa98c7d12ffbe9c,"Pomp and Circumstance, Op. 39: No. 1, March in D Major.mp3",Edward Elgar,0.274,0.434,2,-11.61,1,0.0433,0.689,0.76,0.0705,0.315,131.962,Happy
5djgV77IKel0XcyLkpzLY9,italian baroque,"Sinfonia in G Major, RV 149: III. Allegro","./scrapes/Happy/Sinfonia in G Major, RV 149: III. Allegro.mp3",https://p.scdn.co/mp3-preview/7867e27bfaf5ff7fce6e36f36313aac5eb4e331a?cid=04efa8f320b849739fa98c7d12ffbe9c,"Sinfonia in G Major, RV 149: III. Allegro.mp3",Antonio Vivaldi,0.439,0.197,2,-18.713,1,0.0412,0.931,0.96,0.175,0.617,143.929,Happy
6y3mkMXdhEwq4KLcJ8Euoz,late romantic era,"The Nutcracker Suite, Op. 71a: No. 2a, March of the Toy Soldiers","./scrapes/Happy/The Nutcracker Suite, Op. 71a: No. 2a, March of the Toy Soldiers.mp3",https://p.scdn.co/mp3-preview/8d3069ef690d1b9a75d66d2e411b6903dbdf4105?cid=04efa8f320b849739fa98c7d12ffbe9c,"The Nutcracker Suite, Op. 71a: No. 2a, March of the Toy Soldiers.mp3",Pyotr Ilyich Tchaikovsky,0.566,0.25,4,-17.376,0,0.0399,0.959,0.932,0.139,0.382,74.104,Happy
1nycJ4nPktnTt3oNXTFiCq,classical,"Rondò in D Major, K. 485","./scrapes/Happy/Rondò in D Major, K. 485.mp3",https://p.scdn.co/mp3-preview/71bb2b9ef6ffeb59c8ee8a1ce52e1209e5832cec?cid=04efa8f320b849739fa98c7d12ffbe9c,"Rondò in D Major, K. 485.mp3",Wolfgang Amadeus Mozart,0.448,0.0281,2,-29.84,1,0.047,0.992,0.885,0.0685,0.537,76.383,Happy
1xJgnAJ1u5xUeFXoov8LpK,post-romantic era,"Le piccadilly ""March for Piano""","./scrapes/Happy/Le piccadilly ""March for Piano"".mp3",https://p.scdn.co/mp3-preview/60482223ce7d5d7a34ff6c72e7d787e3db34641a?cid=04efa8f320b849739fa98c7d12ffbe9c,"Le piccadilly ""March for Piano"".mp3",Erik Satie,0.49,0.198,5,-19.354,1,0.0427,0.985,0.846,0.0751,0.918,97.652,Happy
5C8ZHJ4kZsP8wWkS0YZnRd,british modern classical,"The Planets, Op. 32: IV. Jupiter, the Bringer of Jollity","./scrapes/Happy/The Planets, Op. 32: IV. Jupiter, the Bringer of Jollity.mp3",https://p.scdn.co/mp3-preview/dcb9edb4a6572c2784c9610653ed9a08b4887a86?cid=04efa8f320b849739fa98c7d12ffbe9c,"The Planets, Op. 32: IV. Jupiter, the Bringer of Jollity.mp3",Gustav Holst,0.249,0.302,7,-14.062,0,0.034,0.938,0.839,0.059,0.262,147.882,Happy
0s724CFi2MnFkSCp0Wnhgo,early romantic era,"Symphony No. 5 in C Minor, Op. 67: IV. Allegro","./scrapes/Happy/Symphony No. 5 in C Minor, Op. 67: IV. Allegro.mp3",https://p.scdn.co/mp3-preview/ffc43aa88bc0c4c60f5fc7e6458a5e9ac6135047?cid=04efa8f320b849739fa98c7d12ffbe9c,"Symphony No. 5 in C Minor, Op. 67: IV. Allegro.mp3",Ludwig van Beethoven,0.266,0.373,0,-15.083,1,0.0352,0.883,0.868,0.102,0.391,91.792,Happy
1PMJtog6Oz1P5TQUyfPXYa,string orchestra,Fiddle Faddle,./scrapes/Happy/Fiddle Faddle.mp3,https://p.scdn.co/mp3-preview/1e296711e1bc55120d97f182fbea17e9fc24d64e?cid=04efa8f320b849739fa98c7d12ffbe9c,Fiddle Faddle.mp3,Metamorphose String Orchestra,0.454,0.226,2,-18.71,1,0.0447,0.589,0.799,0.0478,0.529,138.366,Happy
5YW7yQHgVxiWCMvmlV3ryP,classical era,"Le nozze di Figaro, K. 492, Act I: ""Non più andrai"" - Instrumental Version","./scrapes/Happy/Le nozze di Figaro, K. 492, Act I: ""Non più andrai"" - Instrumental Version.mp3",https://p.scdn.co/mp3-preview/ccfe6e04ffb1dfbb605a8b9846dec2a55fda1457?cid=04efa8f320b849739fa98c7d12ffbe9c,"Le nozze di Figaro, K. 492, Act I: ""Non più andrai"" - Instrumental Version.mp3",Wolfgang Amadeus Mozart,0.505,0.131,7,-16.833,1,0.0496,0.941,0.895,0.0979,0.434,145.696,Happy
74V6AIKsjo23i0EIMPIwmn,neoclassicism,"10 Pieces from Romeo and Juliet, Op. 75: No. 4, Masks - Live","./scrapes/Happy/10 Pieces from Romeo and Juliet, Op. 75: No. 4, Masks - Live.mp3",https://p.scdn.co/mp3-preview/dce9110b7ef9e8cff2d0f230cf1fa048347296ee?cid=04efa8f320b849739fa98c7d12ffbe9c,"10 Pieces from Romeo and Juliet, Op. 75: No. 4, Masks - Live.mp3",Sergei Prokofiev,0.467,0.142,10,-21.795,1,0.0383,0.648,0.397,0.157,0.0611,93.615,Happy
2tRniNA0Xl6I2c5dSoaWCM,classical,"Carmen Suite No. 1: No. 5, Les dragons d'Alcala","./scrapes/Happy/Carmen Suite No. 1: No. 5, Les dragons d'Alcala.mp3",https://p.scdn.co/mp3-preview/0e5bfae3cbe8e012a51bcf1b5e4bd03a81572f9d?cid=04efa8f320b849739fa98c7d12ffbe9c,"Carmen Suite No. 1: No. 5, Les dragons d'Alcala.mp3",Georges Bizet,0.551,0.0333,7,-34.082,1,0.06,0.976,0.0839,0.235,0.401,131.566,Happy
2DoX2EpC90wz1LtB9Mkb0v,classical era,"Lo sposo deluso, K. 430: Ouverture. Allegro - Andante - Allegro","./scrapes/Happy/Lo sposo deluso, K. 430: Ouverture. Allegro - Andante - Allegro.mp3",https://p.scdn.co/mp3-preview/7b226f4aeaebaa5c82633bc55d671dda9198879e?cid=04efa8f320b849739fa98c7d12ffbe9c,"Lo sposo deluso, K. 430: Ouverture. Allegro - Andante - Allegro.mp3",Wolfgang Amadeus Mozart,0.301,0.216,2,-15.938,1,0.0372,0.972,0.89,0.125,0.126,137.061,Happy
45AGuejzfcRMgNeAxoF6Ce,classical era,"Eine kleine Nachtmusik in G Major, K. 525: IV. Rondò. Allegro","./scrapes/Happy/Eine kleine Nachtmusik in G Major, K. 525: IV. Rondò. Allegro.mp3",https://p.scdn.co/mp3-preview/aa999c7ddb232be6157097eb5957368de2713810?cid=04efa8f320b849739fa98c7d12ffbe9c,"Eine kleine Nachtmusik in G Major, K. 525: IV. Rondò. Allegro.mp3",Wolfgang Amadeus Mozart,0.462,0.182,2,-20.807,1,0.0361,0.969,0.899,0.243,0.688,111.877,Happy
1ISbc05WTtcVh7q7QOXuu4,pops orchestra,William Tell Overture,./scrapes/Happy/William Tell Overture.mp3,https://p.scdn.co/mp3-preview/588360ca70b328b26bd952933ea2501982232027?cid=04efa8f320b849739fa98c7d12ffbe9c,William Tell Overture.mp3,Boston Pops Orchestra,0.324,0.682,4,-10.208,1,0.0619,0.763,0.658,0.127,0.645,169.329,Happy
6nLlJi9YelHu6ljTDBA12U,early music,"Music for the Royal Fireworks, HWV 351 ""La Réjouissance"": IV. Allegro","./scrapes/Happy/Music for the Royal Fireworks, HWV 351 ""La Réjouissance"": IV. Allegro.mp3",https://p.scdn.co/mp3-preview/5306d337732a47f3e2aa5164141f5576406dfcbd?cid=04efa8f320b849739fa98c7d12ffbe9c,"Music for the Royal Fireworks, HWV 351 ""La Réjouissance"": IV. Allegro.mp3",George Frideric Handel,0.57,0.288,2,-13.782,1,0.034,0.965,0.884,0.0661,0.682,100.789,Happy
0hwNPstq5yBTyc3xw3KCC7,polish classical,"Waltzes, Op. 64: No. 1 in D-Flat Major ""Minute Waltz""","./scrapes/Happy/Waltzes, Op. 64: No. 1 in D-Flat Major ""Minute Waltz"".mp3",https://p.scdn.co/mp3-preview/eab56b199887bfa30855b6de77549c7b7c403836?cid=04efa8f320b849739fa98c7d12ffbe9c,"Waltzes, Op. 64: No. 1 in D-Flat Major ""Minute Waltz"".mp3",Frédéric Chopin,0.363,0.12,8,-24.454,1,0.0344,0.982,0.956,0.244,0.462,100.75,Happy
5g4pJX2KPxecIE1r4IOHQI,early romantic era,"Symphony No. 4 in A Major, Op. 90, MWV N16 ""Italian"": I. Allegro Vivace","./scrapes/Happy/Symphony No. 4 in A Major, Op. 90, MWV N16 ""Italian"": I. Allegro Vivace.mp3",https://p.scdn.co/mp3-preview/060a8528236475a162028f23c0c02560401e384b?cid=04efa8f320b849739fa98c7d12ffbe9c,"Symphony No. 4 in A Major, Op. 90, MWV N16 ""Italian"": I. Allegro Vivace.mp3",Felix Mendelssohn,0.257,0.219,9,-20.989,1,0.0397,0.82,0.904,0.108,0.268,106.495,Happy
5C8ZHJ4kZsP8wWkS0YZnRd,orchestra,"The Planets, Op. 32: IV. Jupiter, the Bringer of Jollity","./scrapes/Happy/The Planets, Op. 32: IV. Jupiter, the Bringer of Jollity.mp3",https://p.scdn.co/mp3-preview/dcb9edb4a6572c2784c9610653ed9a08b4887a86?cid=04efa8f320b849739fa98c7d12ffbe9c,"The Planets, Op. 32: IV. Jupiter, the Bringer of Jollity.mp3",London Philharmonic Orchestra,0.249,0.302,7,-14.062,0,0.034,0.938,0.839,0.059,0.262,147.882,Happy
2tRniNA0Xl6I2c5dSoaWCM,french romanticism,"Carmen Suite No. 1: No. 5, Les dragons d'Alcala","./scrapes/Happy/Carmen Suite No. 1: No. 5, Les dragons d'Alcala.mp3",https://p.scdn.co/mp3-preview/0e5bfae3cbe8e012a51bcf1b5e4bd03a81572f9d?cid=04efa8f320b849739fa98c7d12ffbe9c,"Carmen Suite No. 1: No. 5, Les dragons d'Alcala.mp3",Georges Bizet,0.551,0.0333,7,-34.082,1,0.06,0.976,0.0839,0.235,0.401,131.566,Happy
1rr8JLDBh2p9t8i2NfpEtC,classical trombone,"Slavonic Dances, Op. 46: No. 4, Sousedská","./scrapes/Happy/Slavonic Dances, Op. 46: No. 4, Sousedská.mp3",https://p.scdn.co/mp3-preview/f55d8a613f2f70b095e9799c442336c0e2f0d902?cid=04efa8f320b849739fa98c7d12ffbe9c,"Slavonic Dances, Op. 46: No. 4, Sousedská.mp3",Ricardo Casero,0.153,0.0138,5,-28.865,1,0.0368,0.954,0.87,0.102,0.0735,75.857,Happy
1rr8JLDBh2p9t8i2NfpEtC,classical,"Slavonic Dances, Op. 46: No. 4, Sousedská","./scrapes/Happy/Slavonic Dances, Op. 46: No. 4, Sousedská.mp3",https://p.scdn.co/mp3-preview/f55d8a613f2f70b095e9799c442336c0e2f0d902?cid=04efa8f320b849739fa98c7d12ffbe9c,"Slavonic Dances, Op. 46: No. 4, Sousedská.mp3",Antonín Dvořák,0.153,0.0138,5,-28.865,1,0.0368,0.954,0.87,0.102,0.0735,75.857,Happy
0s724CFi2MnFkSCp0Wnhgo,string orchestra,"Symphony No. 5 in C Minor, Op. 67: IV. Allegro","./scrapes/Happy/Symphony No. 5 in C Minor, Op. 67: IV. Allegro.mp3",https://p.scdn.co/mp3-preview/ffc43aa88bc0c4c60f5fc7e6458a5e9ac6135047?cid=04efa8f320b849739fa98c7d12ffbe9c,"Symphony No. 5 in C Minor, Op. 67: IV. Allegro.mp3",Metamorphose String Orchestra,0.266,0.373,0,-15.083,1,0.0352,0.883,0.868,0.102,0.391,91.792,Happy
6nLRT4PHkiM7yb94G8gXZs,classical era,"Symphony No. 8 in F Major, Op. 93: IV. Allegro vivace","./scrapes/Happy/Symphony No. 8 in F Major, Op. 93: IV. Allegro vivace.mp3",https://p.scdn.co/mp3-preview/a84e4f8e97817deba9472238762c0d2f689971e9?cid=04efa8f320b849739fa98c7d12ffbe9c,"Symphony No. 8 in F Major, Op. 93: IV. Allegro vivace.mp3",Ludwig van Beethoven,0.352,0.202,5,-18.334,1,0.0349,0.946,0.881,0.221,0.182,134.231,Happy
5djgV77IKel0XcyLkpzLY9,baroque,"Sinfonia in G Major, RV 149: III. Allegro","./scrapes/Happy/Sinfonia in G Major, RV 149: III. Allegro.mp3",https://p.scdn.co/mp3-preview/7867e27bfaf5ff7fce6e36f36313aac5eb4e331a?cid=04efa8f320b849739fa98c7d12ffbe9c,"Sinfonia in G Major, RV 149: III. Allegro.mp3",Antonio Vivaldi,0.439,0.197,2,-18.713,1,0.0412,0.931,0.96,0.175,0.617,143.929,Happy
3xJ1b3gwsB6CZkzeI3VLoN,classical era,"Piano Sonata No. 11 in A Major, K. 331: III. Alla turca","./scrapes/Happy/Piano Sonata No. 11 in A Major, K. 331: III. Alla turca.mp3",https://p.scdn.co/mp3-preview/5dc3f039fd6046e0951e282146c4cd5ba0e17dc9?cid=04efa8f320b849739fa98c7d12ffbe9c,"Piano Sonata No. 11 in A Major, K. 331: III. Alla turca.mp3",Wolfgang Amadeus Mozart,0.455,0.233,9,-16.107,1,0.0409,0.985,0.864,0.0997,0.667,138.263,Happy
1xJgnAJ1u5xUeFXoov8LpK,early modern classical,"Le piccadilly ""March for Piano""","./scrapes/Happy/Le piccadilly ""March for Piano"".mp3",https://p.scdn.co/mp3-preview/60482223ce7d5d7a34ff6c72e7d787e3db34641a?cid=04efa8f320b849739fa98c7d12ffbe9c,"Le piccadilly ""March for Piano"".mp3",Erik Satie,0.49,0.198,5,-19.354,1,0.0427,0.985,0.846,0.0751,0.918,97.652,Happy
3C8Xxgad3ejXfJ0RiJq9G1,early modern classical,"Suite d'orchestre dans le style ancien, Op. 2: II. Sarabande. Mesto","./scrapes/Relaxing/Suite d'orchestre dans le style ancien, Op. 2: II. Sarabande. Mesto.mp3",https://p.scdn.co/mp3-preview/b785073a11a1d832486bd3007e2c7d299fcf68f7?cid=04efa8f320b849739fa98c7d12ffbe9c,"Suite d'orchestre dans le style ancien, Op. 2: II. Sarabande. Mesto.mp3",Albéric Magnard,0.171,0.00926,7,-31.675,0,0.044,0.993,0.946,0.128,0.0399,116.418,Relaxing
5TtmI9sfXw4VXco0PE21mV,early modern classical,"2 Aquarelles: Lento, ma non troppo","./scrapes/Relaxing/2 Aquarelles: Lento, ma non troppo.mp3",https://p.scdn.co/mp3-preview/63f535d010b7a110962b813fa7709f5cb117905f?cid=04efa8f320b849739fa98c7d12ffbe9c,"2 Aquarelles: Lento, ma non troppo.mp3",Frederick Delius,0.176,0.0534,10,-27.626,1,0.0406,0.97,0.915,0.29,0.0332,71.673,Relaxing
7lFRAFQ2f2AmWOefaiV4wb,russian classical piano,"Scriabin: 24 Preludes, Op. 11: No. 21 in B Flat Major","./scrapes/Relaxing/Scriabin: 24 Preludes, Op. 11: No. 21 in B Flat Major.mp3",https://p.scdn.co/mp3-preview/b4d5b4183eeb44a21b4876d4bc4b811b6dc22653?cid=04efa8f320b849739fa98c7d12ffbe9c,"Scriabin: 24 Preludes, Op. 11: No. 21 in B Flat Major.mp3",Mikhail Pletnev,0.221,0.00193,3,-43.209,1,0.0409,0.992,0.956,0.0805,0.347,69.843,Relaxing
5bu9A6uphPWg39RC3ZKeku,canadian classical piano,"Goldberg Variations, BWV 988: Aria","./scrapes/Relaxing/Goldberg Variations, BWV 988: Aria.mp3",https://p.scdn.co/mp3-preview/b0fc27343a7c115a83cc44c865331082feda9432?cid=04efa8f320b849739fa98c7d12ffbe9c,"Goldberg Variations, BWV 988: Aria.mp3",Glenn Gould,0.454,0.0139,4,-29.966,0,0.0514,0.995,0.943,0.0736,0.244,130.253,Relaxing
1juisCcrVdwoLbDWyVvNrX,classical,"6 Impromptus, Op. 5: Impromptu VI","./scrapes/Relaxing/6 Impromptus, Op. 5: Impromptu VI.mp3",https://p.scdn.co/mp3-preview/2813d724b0ff345c5c4a5b48c3ac4c72f9f5c1bc?cid=04efa8f320b849739fa98c7d12ffbe9c,"6 Impromptus, Op. 5: Impromptu VI.mp3",Jean Sibelius,0.448,0.0052,4,-36.512,1,0.0564,0.995,0.88,0.0698,0.0398,62.171,Relaxing
3Rw0Rg4LjlYnuxIyioW3vg,chamber orchestra,Violin Concerto No. 10 in G Major: Largo,./scrapes/Relaxing/Violin Concerto No. 10 in G Major: Largo.mp3,https://p.scdn.co/mp3-preview/dcd7509b9d9c7834cf47624d755695c8dd11f611?cid=04efa8f320b849739fa98c7d12ffbe9c,Violin Concerto No. 10 in G Major: Largo.mp3,Toronto Chamber Orchestra,0.212,0.0517,2,-24.467,1,0.0525,0.928,0.639,0.112,0.152,185.678,Relaxing
5WEmDvDiRpE7p3y8SMMAPJ,choral,Henry V: Henry V: Touch her soft lips and part,./scrapes/Relaxing/Henry V: Henry V: Touch her soft lips and part.mp3,https://p.scdn.co/mp3-preview/1ac311b3686787b17a7bb2312607b2a1ec7331f6?cid=04efa8f320b849739fa98c7d12ffbe9c,Henry V: Henry V: Touch her soft lips and part.mp3,The Cambridge Singers,0.146,0.019,0,-31.365,1,0.0476,0.92,0.878,0.0864,0.0492,81.526,Relaxing
5TtmI9sfXw4VXco0PE21mV,post-romantic era,"2 Aquarelles: Lento, ma non troppo","./scrapes/Relaxing/2 Aquarelles: Lento, ma non troppo.mp3",https://p.scdn.co/mp3-preview/63f535d010b7a110962b813fa7709f5cb117905f?cid=04efa8f320b849739fa98c7d12ffbe9c,"2 Aquarelles: Lento, ma non troppo.mp3",Frederick Delius,0.176,0.0534,10,-27.626,1,0.0406,0.97,0.915,0.29,0.0332,71.673,Relaxing
5WEmDvDiRpE7p3y8SMMAPJ,classical,Henry V: Henry V: Touch her soft lips and part,./scrapes/Relaxing/Henry V: Henry V: Touch her soft lips and part.mp3,https://p.scdn.co/mp3-preview/1ac311b3686787b17a7bb2312607b2a1ec7331f6?cid=04efa8f320b849739fa98c7d12ffbe9c,Henry V: Henry V: Touch her soft lips and part.mp3,William Walton,0.146,0.019,0,-31.365,1,0.0476,0.92,0.878,0.0864,0.0492,81.526,Relaxing
5KIOfWtUEKrxDNi4OnIpg2,microhouse,Avril 14th (Aphex Twin) - Vanessa Wagner Version,./scrapes/Relaxing/Avril 14th (Aphex Twin) - Vanessa Wagner Version.mp3,https://p.scdn.co/mp3-preview/88c33d202c8268616e4512565933fad205cd7585?cid=04efa8f320b849739fa98c7d12ffbe9c,Avril 14th (Aphex Twin) - Vanessa Wagner Version.mp3,Murcof,0.395,0.0826,5,-18.982,0,0.0432,0.995,0.93,0.126,0.119,93.288,Relaxing
5KIOfWtUEKrxDNi4OnIpg2,contemporary classical piano,Avril 14th (Aphex Twin) - Vanessa Wagner Version,./scrapes/Relaxing/Avril 14th (Aphex Twin) - Vanessa Wagner Version.mp3,https://p.scdn.co/mp3-preview/88c33d202c8268616e4512565933fad205cd7585?cid=04efa8f320b849739fa98c7d12ffbe9c,Avril 14th (Aphex Twin) - Vanessa Wagner Version.mp3,Vanessa Wagner,0.395,0.0826,5,-18.982,0,0.0432,0.995,0.93,0.126,0.119,93.288,Relaxing
1juisCcrVdwoLbDWyVvNrX,classical performance,"6 Impromptus, Op. 5: Impromptu VI","./scrapes/Relaxing/6 Impromptus, Op. 5: Impromptu VI.mp3",https://p.scdn.co/mp3-preview/2813d724b0ff345c5c4a5b48c3ac4c72f9f5c1bc?cid=04efa8f320b849739fa98c7d12ffbe9c,"6 Impromptus, Op. 5: Impromptu VI.mp3",Leif Ove Andsnes,0.448,0.0052,4,-36.512,1,0.0564,0.995,0.88,0.0698,0.0398,62.171,Relaxing
4bFdyisLdkeS7tmbAWpl13,german classical piano,Memories of a Promenade II,./scrapes/Relaxing/Memories of a Promenade II.mp3,https://p.scdn.co/mp3-preview/d812141bb14d4cf91149f233668fab80f94f9662?cid=04efa8f320b849739fa98c7d12ffbe9c,Memories of a Promenade II.mp3,Olga Scheps,0.215,0.0282,0,-28.351,0,0.0353,0.991,0.877,0.107,0.167,74.408,Relaxing
4a8dR8XKOBOMxUSr8UT58W,french classical piano,"Concerto en ré mineur, BWV 974: II. Adagio","./scrapes/Relaxing/Concerto en ré mineur, BWV 974: II. Adagio.mp3",https://p.scdn.co/mp3-preview/ab2f5e875dcbd159e83dab413d33371a3b201a44?cid=04efa8f320b849739fa98c7d12ffbe9c,"Concerto en ré mineur, BWV 974: II. Adagio.mp3",Alexandre Tharaud,0.354,0.0322,2,-27.492,0,0.0435,0.992,0.955,0.104,0.0638,67.872,Relaxing
0jOnZhF75V68VsBObWx2XO,classical cello,"The Carnival of the Animals, R. 125: XIII. The Swan (Arr. for Cello and Piano)","./scrapes/Relaxing/The Carnival of the Animals, R. 125: XIII. The Swan (Arr. for Cello and Piano).mp3",https://p.scdn.co/mp3-preview/28857efb335b1ca10e02f1612c426b9810cf2a34?cid=04efa8f320b849739fa98c7d12ffbe9c,"The Carnival of the Animals, R. 125: XIII. The Swan (Arr. for Cello and Piano).mp3",Yo-Yo Ma,0.169,0.0161,9,-31.034,0,0.0442,0.986,0.86,0.0805,0.0573,128.143,Relaxing
3MRQn2RYo2VLYMoStnLRxu,classical piano,"Ravel: Pavane pour une infante défunte, M. 19","./scrapes/Relaxing/Ravel: Pavane pour une infante défunte, M. 19.mp3",https://p.scdn.co/mp3-preview/1bd04a0ca1ea39f7074420b748770d80417a3a19?cid=04efa8f320b849739fa98c7d12ffbe9c,"Ravel: Pavane pour une infante défunte, M. 19.mp3",Bertrand Chamayou,0.491,0.0176,4,-26.911,0,0.0644,0.994,0.927,0.0985,0.0901,125.793,Relaxing
2EAgTVB2EdsMdqaqOk062L,russian classical piano,Frühlingsglaube (Arr. Franz Liszt),./scrapes/Relaxing/Frühlingsglaube (Arr. Franz Liszt).mp3,https://p.scdn.co/mp3-preview/5de5fbab7d0060ce3bab3e2a3462aabb79bc69ff?cid=04efa8f320b849739fa98c7d12ffbe9c,Frühlingsglaube (Arr. Franz Liszt).mp3,Daniil Trifonov,0.227,0.00482,8,-36.351,1,0.036,0.993,0.912,0.157,0.0731,70.684,Relaxing
5bu9A6uphPWg39RC3ZKeku,classical,"Goldberg Variations, BWV 988: Aria","./scrapes/Relaxing/Goldberg Variations, BWV 988: Aria.mp3",https://p.scdn.co/mp3-preview/b0fc27343a7c115a83cc44c865331082feda9432?cid=04efa8f320b849739fa98c7d12ffbe9c,"Goldberg Variations, BWV 988: Aria.mp3",Glenn Gould,0.454,0.0139,4,-29.966,0,0.0514,0.995,0.943,0.0736,0.244,130.253,Relaxing
6y1FgcqMY76hCk9qLxUuy4,american contemporary classical,3 Spirituals for Orchestra: No. 2. Kum Bab Yah,./scrapes/Relaxing/3 Spirituals for Orchestra: No. 2. Kum Bab Yah.mp3,https://p.scdn.co/mp3-preview/ebaefe998ae27e4aec15242fea924024622bb587?cid=04efa8f320b849739fa98c7d12ffbe9c,3 Spirituals for Orchestra: No. 2. Kum Bab Yah.mp3,Adolphus Hailstork,0.141,0.00268,2,-37.571,0,0.0427,0.945,0.601,0.0756,0.0386,140.372,Relaxing
36EnMgx9PmtnzUtmKwI63h,classical,"Goldberg Variations, BWV 988: Variation 1 (Arr. for Harp)","./scrapes/Relaxing/Goldberg Variations, BWV 988: Variation 1 (Arr. for Harp).mp3",https://p.scdn.co/mp3-preview/f9826e300974e6ac91ebe806e774954fbfd98f3f?cid=04efa8f320b849739fa98c7d12ffbe9c,"Goldberg Variations, BWV 988: Variation 1 (Arr. for Harp).mp3",Johann Sebastian Bach,0.354,0.116,4,-28.692,0,0.0399,0.987,0.883,0.124,0.181,82.627,Relaxing
3Rw0Rg4LjlYnuxIyioW3vg,classical era,Violin Concerto No. 10 in G Major: Largo,./scrapes/Relaxing/Violin Concerto No. 10 in G Major: Largo.mp3,https://p.scdn.co/mp3-preview/dcd7509b9d9c7834cf47624d755695c8dd11f611?cid=04efa8f320b849739fa98c7d12ffbe9c,Violin Concerto No. 10 in G Major: Largo.mp3,Joseph Boulogne Chevalier de Saint-Georges,0.212,0.0517,2,-24.467,1,0.0525,0.928,0.639,0.112,0.152,185.678,Relaxing
1juisCcrVdwoLbDWyVvNrX,classical,"6 Impromptus, Op. 5: Impromptu VI","./scrapes/Relaxing/6 Impromptus, Op. 5: Impromptu VI.mp3",https://p.scdn.co/mp3-preview/2813d724b0ff345c5c4a5b48c3ac4c72f9f5c1bc?cid=04efa8f320b849739fa98c7d12ffbe9c,"6 Impromptus, Op. 5: Impromptu VI.mp3",Jean Sibelius,0.448,0.0052,4,-36.512,1,0.0564,0.995,0.88,0.0698,0.0398,62.171,Relaxing
3MRQn2RYo2VLYMoStnLRxu,classical,"Ravel: Pavane pour une infante défunte, M. 19","./scrapes/Relaxing/Ravel: Pavane pour une infante défunte, M. 19.mp3",https://p.scdn.co/mp3-preview/1bd04a0ca1ea39f7074420b748770d80417a3a19?cid=04efa8f320b849739fa98c7d12ffbe9c,"Ravel: Pavane pour une infante défunte, M. 19.mp3",Maurice Ravel,0.491,0.0176,4,-26.911,0,0.0644,0.994,0.927,0.0985,0.0901,125.793,Relaxing
1v3gGmcneK1QzYyBFiBXG0,early music,"Montero: Adagio (After Bach's Violin Concerto No. 2, BWV 1042)","./scrapes/Relaxing/Montero: Adagio (After Bach's Violin Concerto No. 2, BWV 1042).mp3",https://p.scdn.co/mp3-preview/4d1f7b946d6e726eefe27e7462f0f9c8201c5c57?cid=04efa8f320b849739fa98c7d12ffbe9c,"Montero: Adagio (After Bach's Violin Concerto No. 2, BWV 1042).mp3",Johann Sebastian Bach,0.36,0.00301,6,-35.441,0,0.0444,0.994,0.897,0.0557,0.18,72.892,Relaxing
12KMREUbKErP77HI7Av6Gq,early modern classical,"Symphony No. 1, ""Afro-American"": II. Sorrow (Adagio)","./scrapes/Relaxing/Symphony No. 1, ""Afro-American"": II. Sorrow (Adagio).mp3",https://p.scdn.co/mp3-preview/195b32132d9c16dd10c70659654ce3d195b8c7fa?cid=04efa8f320b849739fa98c7d12ffbe9c,"Symphony No. 1, ""Afro-American"": II. Sorrow (Adagio).mp3",William Grant Still,0.0618,0.00804,5,-36.977,1,0.0472,0.753,0.69,0.12,0.0393,55.481,Relaxing
1XJMRdFSgkrmw2cXLJOD0b,early modern classical,"3 Visions: No. 2, Summerland","./scrapes/Relaxing/3 Visions: No. 2, Summerland.mp3",https://p.scdn.co/mp3-preview/13383b7efe32366e18f618af89f666ee56670b44?cid=04efa8f320b849739fa98c7d12ffbe9c,"3 Visions: No. 2, Summerland.mp3",William Grant Still,0.46,0.00618,6,-28.121,1,0.0481,0.994,0.89,0.0896,0.086,67.12,Relaxing
6JPzlzHHdqIdmu28qBHdGF,german classical piano,"10 Préludes, Op. 23: No. 10 in G-Flat Major - Live","./scrapes/Relaxing/10 Préludes, Op. 23: No. 10 in G-Flat Major - Live.mp3",https://p.scdn.co/mp3-preview/9cf1e24cdca08b4e3aaf08653c660ddfff99d070?cid=04efa8f320b849739fa98c7d12ffbe9c,"10 Préludes, Op. 23: No. 10 in G-Flat Major - Live.mp3",Benjamin Moser,0.302,0.00448,6,-31.704,1,0.0463,0.995,0.84,0.045,0.0452,71.056,Relaxing
0ehvSWC15JKhz5us5aOBjL,classic soundtrack,much loved,./scrapes/Relaxing/much loved.mp3,https://p.scdn.co/mp3-preview/8070342fc084c0839dcec369bf1ab79105c033d8?cid=04efa8f320b849739fa98c7d12ffbe9c,much loved.mp3,Rachel Portman,0.128,0.0194,4,-24.941,1,0.0388,0.99,0.946,0.069,0.09,75.818,Relaxing
5WEmDvDiRpE7p3y8SMMAPJ,british contemporary classical,Henry V: Henry V: Touch her soft lips and part,./scrapes/Relaxing/Henry V: Henry V: Touch her soft lips and part.mp3,https://p.scdn.co/mp3-preview/1ac311b3686787b17a7bb2312607b2a1ec7331f6?cid=04efa8f320b849739fa98c7d12ffbe9c,Henry V: Henry V: Touch her soft lips and part.mp3,John Rutter,0.146,0.019,0,-31.365,1,0.0476,0.92,0.878,0.0864,0.0492,81.526,Relaxing
1v3gGmcneK1QzYyBFiBXG0,baroque,"Montero: Adagio (After Bach's Violin Concerto No. 2, BWV 1042)","./scrapes/Relaxing/Montero: Adagio (After Bach's Violin Concerto No. 2, BWV 1042).mp3",https://p.scdn.co/mp3-preview/4d1f7b946d6e726eefe27e7462f0f9c8201c5c57?cid=04efa8f320b849739fa98c7d12ffbe9c,"Montero: Adagio (After Bach's Violin Concerto No. 2, BWV 1042).mp3",Johann Sebastian Bach,0.36,0.00301,6,-35.441,0,0.0444,0.994,0.897,0.0557,0.18,72.892,Relaxing
6aD8MeXrjHNz7YgrTLHhyA,british modern classical,"Serenade for Strings in E Minor, Op. 20: II. Larghetto","./scrapes/Romance/Serenade for Strings in E Minor, Op. 20: II. Larghetto.mp3",https://p.scdn.co/mp3-preview/1bf11b5eb37781e8eaff6554ed86468b25e4b020?cid=04efa8f320b849739fa98c7d12ffbe9c,"Serenade for Strings in E Minor, Op. 20: II. Larghetto.mp3",Edward Elgar,0.428,0.003,0,-31.005,1,0.0709,0.995,0.924,0.0889,0.0934,69.108,Romance
7mcPqBUHml77xY5RfM0ecF,french classical piano,"Bach, JS: Goldberg Variations, BWV 988: Aria","./scrapes/Romance/Bach, JS: Goldberg Variations, BWV 988: Aria.mp3",https://p.scdn.co/mp3-preview/0481d6df96ad8f1290ef0891d6dd710dc35cb284?cid=04efa8f320b849739fa98c7d12ffbe9c,"Bach, JS: Goldberg Variations, BWV 988: Aria.mp3",David Fray,0.277,0.0099,7,-31.727,1,0.0447,0.995,0.908,0.0608,0.189,75.941,Romance
0AoBVHrn422YM52l4TAS0P,classical performance,Siegfried Idyll,./scrapes/Romance/Siegfried Idyll.mp3,https://p.scdn.co/mp3-preview/2f78ca24883a070ae3751a933d5fc0c85baddd20?cid=04efa8f320b849739fa98c7d12ffbe9c,Siegfried Idyll.mp3,Swedish Chamber Orchestra,0.0695,0.0108,4,-26.729,1,0.0429,0.965,0.76,0.0777,0.0377,75.279,Romance
7MjEk3ha3TdVVfeYryOIAq,post-romantic era,Pavane pour une infante défunte,./scrapes/Romance/Pavane pour une infante défunte.mp3,https://p.scdn.co/mp3-preview/73664dabce83f6b41f68b4220c41747aa969f57d?cid=04efa8f320b849739fa98c7d12ffbe9c,Pavane pour une infante défunte.mp3,Maurice Ravel,0.275,0.0036,4,-32.675,0,0.0592,0.994,0.936,0.0646,0.154,62.969,Romance
76wV53YHl0tGEvT3L0QzvK,classical performance,"Lyric Pieces, Op. 12: I. Arietta - Poco andante e sostenuto","./scrapes/Romance/Lyric Pieces, Op. 12: I. Arietta - Poco andante e sostenuto.mp3",https://p.scdn.co/mp3-preview/02dbbdb36a1e3c1aa96aca51b91836f48679b3a8?cid=04efa8f320b849739fa98c7d12ffbe9c,"Lyric Pieces, Op. 12: I. Arietta - Poco andante e sostenuto.mp3",Javier Perianes,0.426,0.00278,10,-38.817,1,0.0593,0.995,0.909,0.105,0.197,71.524,Romance
7mcPqBUHml77xY5RfM0ecF,classical,"Bach, JS: Goldberg Variations, BWV 988: Aria","./scrapes/Romance/Bach, JS: Goldberg Variations, BWV 988: Aria.mp3",https://p.scdn.co/mp3-preview/0481d6df96ad8f1290ef0891d6dd710dc35cb284?cid=04efa8f320b849739fa98c7d12ffbe9c,"Bach, JS: Goldberg Variations, BWV 988: Aria.mp3",Johann Sebastian Bach,0.277,0.0099,7,-31.727,1,0.0447,0.995,0.908,0.0608,0.189,75.941,Romance
6N7JzrteJv8lsr1GWYyu0b,post-romantic era,Suite bergamasque: Suite bergamasque: III. Clair de lune. Andante très expressif,./scrapes/Romance/Suite bergamasque: Suite bergamasque: III. Clair de lune. Andante très expressif.mp3,https://p.scdn.co/mp3-preview/9d2f2efefe64782278a1baa93cfdff48aa106987?cid=04efa8f320b849739fa98c7d12ffbe9c,Suite bergamasque: Suite bergamasque: III. Clair de lune. Andante très expressif.mp3,Claude Debussy,0.343,0.0252,1,-27.013,1,0.0488,0.993,0.932,0.0454,0.0395,67.207,Romance
1Oo7XEqkrwifJn17aA0ocF,late romantic era,"Sechs Klavierstücke, Op. 118: II. Intermezzo in A Major","./scrapes/Romance/Sechs Klavierstücke, Op. 118: II. Intermezzo in A Major.mp3",https://p.scdn.co/mp3-preview/1ad3540408fb3a93d3c10cb35c3ee3d3914fdd50?cid=04efa8f320b849739fa98c7d12ffbe9c,"Sechs Klavierstücke, Op. 118: II. Intermezzo in A Major.mp3",Johannes Brahms,0.299,0.00626,9,-30.923,1,0.0478,0.994,0.901,0.0823,0.0634,69.043,Romance
36BiPe234qbAkX7kKxCF8z,german baroque,"Wachet auf, ruft uns die Stimme, No. 2, BWV 645","./scrapes/Romance/Wachet auf, ruft uns die Stimme, No. 2, BWV 645.mp3",https://p.scdn.co/mp3-preview/0b4a15cd08af7f4695fddad7c3c3fe0893d8b361?cid=04efa8f320b849739fa98c7d12ffbe9c,"Wachet auf, ruft uns die Stimme, No. 2, BWV 645.mp3",Johann Sebastian Bach,0.252,0.0148,3,-33.917,1,0.0427,0.995,0.849,0.108,0.343,135.694,Romance
0AoBVHrn422YM52l4TAS0P,nordic orchestra,Siegfried Idyll,./scrapes/Romance/Siegfried Idyll.mp3,https://p.scdn.co/mp3-preview/2f78ca24883a070ae3751a933d5fc0c85baddd20?cid=04efa8f320b849739fa98c7d12ffbe9c,Siegfried Idyll.mp3,Swedish Chamber Orchestra,0.0695,0.0108,4,-26.729,1,0.0429,0.965,0.76,0.0777,0.0377,75.279,Romance
6VnSkysUFuLEayG0LIQlVF,classical,"Deux Arabesques, L66: No. 1: Andantino con moto","./scrapes/Romance/Deux Arabesques, L66: No. 1: Andantino con moto.mp3",https://p.scdn.co/mp3-preview/32b2a6e6be29b8e411c5dd5dd8c434b261a5bd39?cid=04efa8f320b849739fa98c7d12ffbe9c,"Deux Arabesques, L66: No. 1: Andantino con moto.mp3",Claude Debussy,0.272,0.0132,4,-28.85,1,0.0365,0.99,0.924,0.0875,0.0743,73.368,Romance
1DsqYVJjTCfYmxOnlDPQPr,violin,"Beau soir, L. 6 (Arranged for Violin and Piano by Jascha Heifetz)","./scrapes/Romance/Beau soir, L. 6 (Arranged for Violin and Piano by Jascha Heifetz).mp3",https://p.scdn.co/mp3-preview/7e6d90e4a615aba4550efc192a6d9751720c2618?cid=04efa8f320b849739fa98c7d12ffbe9c,"Beau soir, L. 6 (Arranged for Violin and Piano by Jascha Heifetz).mp3",Joshua Bell,0.196,0.0496,6,-24.536,0,0.0415,0.99,0.933,0.0836,0.0365,81.582,Romance
0jOnZhF75V68VsBObWx2XO,classical performance,"The Carnival of the Animals, R. 125: XIII. The Swan (Arr. for Cello and Piano)","./scrapes/Romance/The Carnival of the Animals, R. 125: XIII. The Swan (Arr. for Cello and Piano).mp3",https://p.scdn.co/mp3-preview/28857efb335b1ca10e02f1612c426b9810cf2a34?cid=04efa8f320b849739fa98c7d12ffbe9c,"The Carnival of the Animals, R. 125: XIII. The Swan (Arr. for Cello and Piano).mp3",Yo-Yo Ma,0.169,0.0161,9,-31.034,0,0.0442,0.986,0.86,0.0805,0.0573,128.143,Romance
49EwpnNNoyCeATcJKI3A4G,classical performance,"Clarinet Quintet in B Minor, Op. 115: II. Adagio - Più lento","./scrapes/Romance/Clarinet Quintet in B Minor, Op. 115: II. Adagio - Più lento.mp3",https://p.scdn.co/mp3-preview/3198f682f60189a7378bc6006383db22097893f4?cid=04efa8f320b849739fa98c7d12ffbe9c,"Clarinet Quintet in B Minor, Op. 115: II. Adagio - Più lento.mp3",Janine Jansen,0.11,0.0438,7,-20.501,1,0.0442,0.965,0.383,0.262,0.0368,80.955,Romance
4ksxLnn1ymLGRKnwhba45Y,chinese classical piano,"Orchestral Suite No. 3 in D Major, BWV 1068: II. Air ""On a G String"" (Arr. for Piano)","./scrapes/Romance/Orchestral Suite No. 3 in D Major, BWV 1068: II. Air ""On a G String"" (Arr. for Piano).mp3",https://p.scdn.co/mp3-preview/c13604ff72081d4762bbaf2ef0810e2a8d970765?cid=04efa8f320b849739fa98c7d12ffbe9c,"Orchestral Suite No. 3 in D Major, BWV 1068: II. Air ""On a G String"" (Arr. for Piano).mp3",Lang Lang,0.5,0.0104,2,-26.764,1,0.0622,0.996,0.949,0.0573,0.133,114.76,Romance
6VnSkysUFuLEayG0LIQlVF,classical performance,"Deux Arabesques, L66: No. 1: Andantino con moto","./scrapes/Romance/Deux Arabesques, L66: No. 1: Andantino con moto.mp3",https://p.scdn.co/mp3-preview/32b2a6e6be29b8e411c5dd5dd8c434b261a5bd39?cid=04efa8f320b849739fa98c7d12ffbe9c,"Deux Arabesques, L66: No. 1: Andantino con moto.mp3",Kathryn Stott,0.272,0.0132,4,-28.85,1,0.0365,0.99,0.924,0.0875,0.0743,73.368,Romance
0aFCf29QYiBxfUAvnUKpVs,early romantic era,"Vier Impromptus, op.90 D.899: Vier Impromptus, op.90 D.899: III. Andante mosso, G flat major","./scrapes/Romance/Vier Impromptus, op.90 D.899: Vier Impromptus, op.90 D.899: III. Andante mosso, G flat major.mp3",https://p.scdn.co/mp3-preview/b1e15a8cbd7443ec2db5fd0512244e7708a98719?cid=04efa8f320b849739fa98c7d12ffbe9c,"Vier Impromptus, op.90 D.899: Vier Impromptus, op.90 D.899: III. Andante mosso, G flat major.mp3",Franz Schubert,0.187,0.00914,6,-31.231,1,0.0362,0.993,0.934,0.109,0.0383,67.144,Romance
1cdNMfQzAhyChjFUwXfYxL,late romantic era,"Symphony No. 3 in F Major, Op. 153, ""Im Walde"": II. Abteilung: In der Dammerung. Traumerei: Largo","./scrapes/Romance/Symphony No. 3 in F Major, Op. 153, ""Im Walde"": II. Abteilung: In der Dammerung. Traumerei: Largo.mp3",https://p.scdn.co/mp3-preview/114690e7e846d42bdb34e655beff1c21767cb310?cid=04efa8f320b849739fa98c7d12ffbe9c,"Symphony No. 3 in F Major, Op. 153, ""Im Walde"": II. Abteilung: In der Dammerung. Traumerei: Largo.mp3",Joachim Raff,0.0691,0.0188,8,-31.77,1,0.0433,0.966,0.929,0.0671,0.0368,75.967,Romance
1NechTDnTtSaciAT6gmvJQ,early romantic era,"Schumann: 12 Gedichte aus Liebesfrühling, Op. 37: No. 11: Warum willst du andre fragen","./scrapes/Romance/Schumann: 12 Gedichte aus Liebesfrühling, Op. 37: No. 11: Warum willst du andre fragen.mp3",https://p.scdn.co/mp3-preview/b45678947e09f1b06017bd2f92909a9fcd9ea7ed?cid=04efa8f320b849739fa98c7d12ffbe9c,"Schumann: 12 Gedichte aus Liebesfrühling, Op. 37: No. 11: Warum willst du andre fragen.mp3",Clara Schumann,0.238,0.00484,8,-31.76,1,0.0393,0.995,0.95,0.121,0.0394,70.821,Romance
49EwpnNNoyCeATcJKI3A4G,viola,"Clarinet Quintet in B Minor, Op. 115: II. Adagio - Più lento","./scrapes/Romance/Clarinet Quintet in B Minor, Op. 115: II. Adagio - Più lento.mp3",https://p.scdn.co/mp3-preview/3198f682f60189a7378bc6006383db22097893f4?cid=04efa8f320b849739fa98c7d12ffbe9c,"Clarinet Quintet in B Minor, Op. 115: II. Adagio - Più lento.mp3",Maxim Rysanov,0.11,0.0438,7,-20.501,1,0.0442,0.965,0.383,0.262,0.0368,80.955,Romance
0jOnZhF75V68VsBObWx2XO,classical,"The Carnival of the Animals, R. 125: XIII. The Swan (Arr. for Cello and Piano)","./scrapes/Romance/The Carnival of the Animals, R. 125: XIII. The Swan (Arr. for Cello and Piano).mp3",https://p.scdn.co/mp3-preview/28857efb335b1ca10e02f1612c426b9810cf2a34?cid=04efa8f320b849739fa98c7d12ffbe9c,"The Carnival of the Animals, R. 125: XIII. The Swan (Arr. for Cello and Piano).mp3",Camille Saint-Saëns,0.169,0.0161,9,-31.034,0,0.0442,0.986,0.86,0.0805,0.0573,128.143,Romance
7mcPqBUHml77xY5RfM0ecF,german baroque,"Bach, JS: Goldberg Variations, BWV 988: Aria","./scrapes/Romance/Bach, JS: Goldberg Variations, BWV 988: Aria.mp3",https://p.scdn.co/mp3-preview/0481d6df96ad8f1290ef0891d6dd710dc35cb284?cid=04efa8f320b849739fa98c7d12ffbe9c,"Bach, JS: Goldberg Variations, BWV 988: Aria.mp3",Johann Sebastian Bach,0.277,0.0099,7,-31.727,1,0.0447,0.995,0.908,0.0608,0.189,75.941,Romance
1NechTDnTtSaciAT6gmvJQ,classical clarinet,"Schumann: 12 Gedichte aus Liebesfrühling, Op. 37: No. 11: Warum willst du andre fragen","./scrapes/Romance/Schumann: 12 Gedichte aus Liebesfrühling, Op. 37: No. 11: Warum willst du andre fragen.mp3",https://p.scdn.co/mp3-preview/b45678947e09f1b06017bd2f92909a9fcd9ea7ed?cid=04efa8f320b849739fa98c7d12ffbe9c,"Schumann: 12 Gedichte aus Liebesfrühling, Op. 37: No. 11: Warum willst du andre fragen.mp3",Dionysis Grammenos,0.238,0.00484,8,-31.76,1,0.0393,0.995,0.95,0.121,0.0394,70.821,Romance
0AoBVHrn422YM52l4TAS0P,german romanticism,Siegfried Idyll,./scrapes/Romance/Siegfried Idyll.mp3,https://p.scdn.co/mp3-preview/2f78ca24883a070ae3751a933d5fc0c85baddd20?cid=04efa8f320b849739fa98c7d12ffbe9c,Siegfried Idyll.mp3,Richard Wagner,0.0695,0.0108,4,-26.729,1,0.0429,0.965,0.76,0.0777,0.0377,75.279,Romance
7n92QzQomRCLlciO14X0kd,classical piano,Nocturne en mi bémol majeur opus 9 n°2: Ballade en Sol Mineur No.1,./scrapes/Romance/Nocturne en mi bémol majeur opus 9 n°2: Ballade en Sol Mineur No.1.mp3,https://p.scdn.co/mp3-preview/9cc5f88f7135355cb8482f6639139422b1974634?cid=04efa8f320b849739fa98c7d12ffbe9c,Nocturne en mi bémol majeur opus 9 n°2: Ballade en Sol Mineur No.1.mp3,Luis Fernando Pérez,0.387,0.0451,3,-24.698,1,0.0364,0.99,0.913,0.112,0.071,61.494,Romance
56uWqDzSqIMbdi3ItnG481,russian romanticism,"Vocalise, Op. 34, No. 14","./scrapes/Romance/Vocalise, Op. 34, No. 14.mp3",https://p.scdn.co/mp3-preview/7796b5d394fee3391bd719ba50dff5d5c57ffdbf?cid=04efa8f320b849739fa98c7d12ffbe9c,"Vocalise, Op. 34, No. 14.mp3",Sergei Rachmaninoff,0.168,0.0613,4,-24.987,0,0.0481,0.974,0.246,0.0836,0.0399,102.674,Romance
7mcPqBUHml77xY5RfM0ecF,french classical piano,"Bach, JS: Goldberg Variations, BWV 988: Aria","./scrapes/Romance/Bach, JS: Goldberg Variations, BWV 988: Aria.mp3",https://p.scdn.co/mp3-preview/0481d6df96ad8f1290ef0891d6dd710dc35cb284?cid=04efa8f320b849739fa98c7d12ffbe9c,"Bach, JS: Goldberg Variations, BWV 988: Aria.mp3",David Fray,0.277,0.0099,7,-31.727,1,0.0447,0.995,0.908,0.0608,0.189,75.941,Romance
2EAgTVB2EdsMdqaqOk062L,russian classical piano,Frühlingsglaube (Arr. Franz Liszt),./scrapes/Romance/Frühlingsglaube (Arr. Franz Liszt).mp3,https://p.scdn.co/mp3-preview/5de5fbab7d0060ce3bab3e2a3462aabb79bc69ff?cid=04efa8f320b849739fa98c7d12ffbe9c,Frühlingsglaube (Arr. Franz Liszt).mp3,Daniil Trifonov,0.227,0.00482,8,-36.351,1,0.036,0.993,0.912,0.157,0.0731,70.684,Romance
0AoBVHrn422YM52l4TAS0P,german opera,Siegfried Idyll,./scrapes/Romance/Siegfried Idyll.mp3,https://p.scdn.co/mp3-preview/2f78ca24883a070ae3751a933d5fc0c85baddd20?cid=04efa8f320b849739fa98c7d12ffbe9c,Siegfried Idyll.mp3,Richard Wagner,0.0695,0.0108,4,-26.729,1,0.0429,0.965,0.76,0.0777,0.0377,75.279,Romance
1cdNMfQzAhyChjFUwXfYxL,german orchestra,"Symphony No. 3 in F Major, Op. 153, ""Im Walde"": II. Abteilung: In der Dammerung. Traumerei: Largo","./scrapes/Romance/Symphony No. 3 in F Major, Op. 153, ""Im Walde"": II. Abteilung: In der Dammerung. Traumerei: Largo.mp3",https://p.scdn.co/mp3-preview/114690e7e846d42bdb34e655beff1c21767cb310?cid=04efa8f320b849739fa98c7d12ffbe9c,"Symphony No. 3 in F Major, Op. 153, ""Im Walde"": II. Abteilung: In der Dammerung. Traumerei: Largo.mp3",Bamberg Symphony,0.0691,0.0188,8,-31.77,1,0.0433,0.966,0.929,0.0671,0.0368,75.967,Romance
1CSaCKPIp2yCIDL3t7Fyau,american modern classical,"Barber: Adagio for Strings, Op. 11","./scrapes/Sad/Barber: Adagio for Strings, Op. 11.mp3",https://p.scdn.co/mp3-preview/2bd78276d32e1fcf195f1d6e3f00287fc3a0ad74?cid=04efa8f320b849739fa98c7d12ffbe9c,"Barber: Adagio for Strings, Op. 11.mp3",Samuel Barber,0.102,0.0733,10,-24.133,0,0.0488,0.974,0.859,0.28,0.0308,73.954,Sad
24OHApVHAq9Wv1yOPRronC,orkiestra symfoniczna,"Vespers, Op. 37: Nunc dimittis","./scrapes/Sad/Vespers, Op. 37: Nunc dimittis.mp3",https://p.scdn.co/mp3-preview/b1ff752a53bdfd40b3cea368b6a6b5674919429c?cid=04efa8f320b849739fa98c7d12ffbe9c,"Vespers, Op. 37: Nunc dimittis.mp3",Sinfonia Varsovia,0.166,0.0183,3,-27.084,0,0.0476,0.977,0.509,0.0731,0.036,83.565,Sad
2lZ4IicfSIP3e1vwUZ4MQj,classical era,"Piano Sonata No. 20 in A Major, D. 959: II. Andantino","./scrapes/Sad/Piano Sonata No. 20 in A Major, D. 959: II. Andantino.mp3",https://p.scdn.co/mp3-preview/9f77e255024872b77ce6f2961f5487b12f933cfc?cid=04efa8f320b849739fa98c7d12ffbe9c,"Piano Sonata No. 20 in A Major, D. 959: II. Andantino.mp3",Franz Schubert,0.315,0.0054,11,-26.582,0,0.047,0.984,0.938,0.0842,0.109,68.602,Sad
4X8Os9bUh5jW72Sxelmq9L,viola da gamba,Les Pleurs (version à 2 violes) (Mr. de Sainte Colombe),./scrapes/Sad/Les Pleurs (version à 2 violes) (Mr. de Sainte Colombe).mp3,https://p.scdn.co/mp3-preview/f2c3bddcf461ac7142f31bd48ee2b370d477a76a?cid=04efa8f320b849739fa98c7d12ffbe9c,Les Pleurs (version à 2 violes) (Mr. de Sainte Colombe).mp3,Jordi Savall,0.0709,0.0355,1,-23.091,0,0.0438,0.893,0.951,0.11,0.0387,76.591,Sad
4X8Os9bUh5jW72Sxelmq9L,french baroque,Les Pleurs (version à 2 violes) (Mr. de Sainte Colombe),./scrapes/Sad/Les Pleurs (version à 2 violes) (Mr. de Sainte Colombe).mp3,https://p.scdn.co/mp3-preview/f2c3bddcf461ac7142f31bd48ee2b370d477a76a?cid=04efa8f320b849739fa98c7d12ffbe9c,Les Pleurs (version à 2 violes) (Mr. de Sainte Colombe).mp3,Monsieur de Sainte-Colombe,0.0709,0.0355,1,-23.091,0,0.0438,0.893,0.951,0.11,0.0387,76.591,Sad
0Oqu3THqxi4dL1LfowsFog,contemporary classical,Pärt: Spiegel im Spiegel,./scrapes/Sad/Pärt: Spiegel im Spiegel.mp3,https://p.scdn.co/mp3-preview/f3c8e7849daafa29314e7c044847736f82ce644d?cid=04efa8f320b849739fa98c7d12ffbe9c,Pärt: Spiegel im Spiegel.mp3,Arvo Pärt,0.313,0.0318,5,-26.909,1,0.0338,0.989,0.0797,0.0835,0.112,84.686,Sad
46TzngK2DGxxn3yO3gjTGe,russian modern classical,Piano Concerto No. 2 Op. 102 in F Major: II. Andante,./scrapes/Sad/Piano Concerto No. 2 Op. 102 in F Major: II. Andante.mp3,https://p.scdn.co/mp3-preview/8eb5ba17e827b861a0d4ea91ec763b67bac2047b?cid=04efa8f320b849739fa98c7d12ffbe9c,Piano Concerto No. 2 Op. 102 in F Major: II. Andante.mp3,Dmitri Shostakovich,0.186,0.00228,0,-38.863,0,0.0424,0.983,0.945,0.0718,0.0392,78.426,Sad
0cqcRqZgkNHanWQ8slYA0v,classical,Mahler: Symphony No. 5 in C-Sharp Minor: IV. Adagietto. Sehr langsam,./scrapes/Sad/Mahler: Symphony No. 5 in C-Sharp Minor: IV. Adagietto. Sehr langsam.mp3,https://p.scdn.co/mp3-preview/425239e07aaa04332ef90ed4c4f80f0cd29abf59?cid=04efa8f320b849739fa98c7d12ffbe9c,Mahler: Symphony No. 5 in C-Sharp Minor: IV. Adagietto. Sehr langsam.mp3,Chicago Symphony Orchestra,0.0783,0.0523,5,-23.247,1,0.0471,0.896,0.945,0.0806,0.0327,82.015,Sad
3IvSvGAOVVMFwjdvnaNC7n,classical guitar,Preludio Saudade: La Catedral,./scrapes/Sad/Preludio Saudade: La Catedral.mp3,https://p.scdn.co/mp3-preview/5559344668e09bfcc61680721b9940749a778586?cid=04efa8f320b849739fa98c7d12ffbe9c,Preludio Saudade: La Catedral.mp3,Agustín Barrios Mangoré,0.345,0.0266,11,-29.77,0,0.0608,0.994,0.917,0.0937,0.309,96.767,Sad
4J7WNyKIT03lSMBPIL5olG,russian classical piano,"Prelude in B Minor, BWV 855a","./scrapes/Sad/Prelude in B Minor, BWV 855a.mp3",https://p.scdn.co/mp3-preview/f2021bd40ae3ad47398aeb6165ccf80fd60531e1?cid=04efa8f320b849739fa98c7d12ffbe9c,"Prelude in B Minor, BWV 855a.mp3",Alexander Siloti,0.127,0.0361,11,-36.445,0,0.0394,0.985,0.941,0.0678,0.125,71.386,Sad
4J7WNyKIT03lSMBPIL5olG,british classical piano,"Prelude in B Minor, BWV 855a","./scrapes/Sad/Prelude in B Minor, BWV 855a.mp3",https://p.scdn.co/mp3-preview/f2021bd40ae3ad47398aeb6165ccf80fd60531e1?cid=04efa8f320b849739fa98c7d12ffbe9c,"Prelude in B Minor, BWV 855a.mp3",James Rhodes,0.127,0.0361,11,-36.445,0,0.0394,0.985,0.941,0.0678,0.125,71.386,Sad
47xdo9qYjAbOIVVBAqom1b,italian opera,Adagio in G Minor (Arr. for Harp and Orchestra),./scrapes/Sad/Adagio in G Minor (Arr. for Harp and Orchestra).mp3,https://p.scdn.co/mp3-preview/3d743196e5e5f205682c5be3b317f5e4b59f780b?cid=04efa8f320b849739fa98c7d12ffbe9c,Adagio in G Minor (Arr. for Harp and Orchestra).mp3,Tomaso Albinoni,0.139,0.11,0,-16.155,0,0.0362,0.453,0.902,0.107,0.0377,174.865,Sad
5qzHbRSMvjufGp8oyMBWmi,baroque,"Castor et Pollux, RCT 32, Acte I, Scène III: Prélude - Air accompagné ""Tristes apprêts""","./scrapes/Sad/Castor et Pollux, RCT 32, Acte I, Scène III: Prélude - Air accompagné ""Tristes apprêts"".mp3",https://p.scdn.co/mp3-preview/cd06adbf760175e4993a6fdf736f617bca948486?cid=04efa8f320b849739fa98c7d12ffbe9c,"Castor et Pollux, RCT 32, Acte I, Scène III: Prélude - Air accompagné ""Tristes apprêts"".mp3",Jean-Philippe Rameau,0.0933,0.0142,2,-28.985,1,0.0459,0.976,0.753,0.114,0.0389,86.471,Sad
5Q6Yl87BTK0wbGY7XGFZhx,irish classical,Nocturne No. 10 In E Minor,./scrapes/Sad/Nocturne No. 10 In E Minor.mp3,https://p.scdn.co/mp3-preview/9eb19d1402d0f1a31f01f1c8b41a8d8aad879791?cid=04efa8f320b849739fa98c7d12ffbe9c,Nocturne No. 10 In E Minor.mp3,John Field,0.351,0.00593,4,-36.521,0,0.0393,0.991,0.941,0.0499,0.125,64.894,Sad
2lZ4IicfSIP3e1vwUZ4MQj,classical era,"Piano Sonata No. 20 in A Major, D. 959: II. Andantino","./scrapes/Sad/Piano Sonata No. 20 in A Major, D. 959: II. Andantino.mp3",https://p.scdn.co/mp3-preview/9f77e255024872b77ce6f2961f5487b12f933cfc?cid=04efa8f320b849739fa98c7d12ffbe9c,"Piano Sonata No. 20 in A Major, D. 959: II. Andantino.mp3",Franz Schubert,0.315,0.0054,11,-26.582,0,0.047,0.984,0.938,0.0842,0.109,68.602,Sad
2b6aGSUDJFGY0wfUa4ooaL,early modern classical,Elegies BV 249: VII. Berceuse,./scrapes/Sad/Elegies BV 249: VII. Berceuse.mp3,https://p.scdn.co/mp3-preview/42924791742785b2eb036e426bc49e5d2c735c2c?cid=04efa8f320b849739fa98c7d12ffbe9c,Elegies BV 249: VII. Berceuse.mp3,Ferruccio Busoni,0.185,0.00138,0,-41.315,1,0.0397,0.994,0.965,0.092,0.0307,66.582,Sad
2MSgFefjK0T7Iwjvr3OKqV,early romantic era,"Chopin: Nocturne No. 20 in C-Sharp Minor, Op. Posth.","./scrapes/Sad/Chopin: Nocturne No. 20 in C-Sharp Minor, Op. Posth..mp3",https://p.scdn.co/mp3-preview/bc2e0802bbe54e5a8be0f93e5dac70345d55522f?cid=04efa8f320b849739fa98c7d12ffbe9c,"Chopin: Nocturne No. 20 in C-Sharp Minor, Op. Posth..mp3",Frédéric Chopin,0.225,0.0047,1,-30.928,0,0.0509,0.992,0.881,0.0722,0.186,163.665,Sad
47xdo9qYjAbOIVVBAqom1b,harp,Adagio in G Minor (Arr. for Harp and Orchestra),./scrapes/Sad/Adagio in G Minor (Arr. for Harp and Orchestra).mp3,https://p.scdn.co/mp3-preview/3d743196e5e5f205682c5be3b317f5e4b59f780b?cid=04efa8f320b849739fa98c7d12ffbe9c,Adagio in G Minor (Arr. for Harp and Orchestra).mp3,Xavier De Maistre,0.139,0.11,0,-16.155,0,0.0362,0.453,0.902,0.107,0.0377,174.865,Sad
24t1mpJc8FTPAkYjFdf9NQ,classical era,"Piano Sonata No. 14 in C-sharp minor, Op. 27, No. 2, ""Moonlight"": I. Adagio sostenuto","./scrapes/Sad/Piano Sonata No. 14 in C-sharp minor, Op. 27, No. 2, ""Moonlight"": I. Adagio sostenuto.mp3",https://p.scdn.co/mp3-preview/5cef33921367d2fc87c3f13c0accfbafe4b068e7?cid=04efa8f320b849739fa98c7d12ffbe9c,"Piano Sonata No. 14 in C-sharp minor, Op. 27, No. 2, ""Moonlight"": I. Adagio sostenuto.mp3",Ludwig van Beethoven,0.141,0.00123,1,-43.851,0,0.0429,0.994,0.942,0.11,0.0843,78.155,Sad
4X8Os9bUh5jW72Sxelmq9L,orchestral performance,Les Pleurs (version à 2 violes) (Mr. de Sainte Colombe),./scrapes/Sad/Les Pleurs (version à 2 violes) (Mr. de Sainte Colombe).mp3,https://p.scdn.co/mp3-preview/f2c3bddcf461ac7142f31bd48ee2b370d477a76a?cid=04efa8f320b849739fa98c7d12ffbe9c,Les Pleurs (version à 2 violes) (Mr. de Sainte Colombe).mp3,Jordi Savall,0.0709,0.0355,1,-23.091,0,0.0438,0.893,0.951,0.11,0.0387,76.591,Sad
0cqcRqZgkNHanWQ8slYA0v,classical performance,Mahler: Symphony No. 5 in C-Sharp Minor: IV. Adagietto. Sehr langsam,./scrapes/Sad/Mahler: Symphony No. 5 in C-Sharp Minor: IV. Adagietto. Sehr langsam.mp3,https://p.scdn.co/mp3-preview/425239e07aaa04332ef90ed4c4f80f0cd29abf59?cid=04efa8f320b849739fa98c7d12ffbe9c,Mahler: Symphony No. 5 in C-Sharp Minor: IV. Adagietto. Sehr langsam.mp3,Chicago Symphony Orchestra,0.0783,0.0523,5,-23.247,1,0.0471,0.896,0.945,0.0806,0.0327,82.015,Sad
1qe1mHUozUo7PoMBBLnr3i,classical performance,"Valse Sentimentale, Op. 51, No. 6 (Arr. for Cello and Piano)","./scrapes/Sad/Valse Sentimentale, Op. 51, No. 6 (Arr. for Cello and Piano).mp3",https://p.scdn.co/mp3-preview/6769b7e25cc4db9e5c0dd8563a92248cd6e7379d?cid=04efa8f320b849739fa98c7d12ffbe9c,"Valse Sentimentale, Op. 51, No. 6 (Arr. for Cello and Piano).mp3",Kathryn Stott,0.214,0.005,9,-32.709,0,0.0428,0.99,0.44,0.0719,0.13,82.204,Sad
0Oqu3THqxi4dL1LfowsFog,minimalism,Pärt: Spiegel im Spiegel,./scrapes/Sad/Pärt: Spiegel im Spiegel.mp3,https://p.scdn.co/mp3-preview/f3c8e7849daafa29314e7c044847736f82ce644d?cid=04efa8f320b849739fa98c7d12ffbe9c,Pärt: Spiegel im Spiegel.mp3,Arvo Pärt,0.313,0.0318,5,-26.909,1,0.0338,0.989,0.0797,0.0835,0.112,84.686,Sad
24OHApVHAq9Wv1yOPRronC,chamber orchestra,"Vespers, Op. 37: Nunc dimittis","./scrapes/Sad/Vespers, Op. 37: Nunc dimittis.mp3",https://p.scdn.co/mp3-preview/b1ff752a53bdfd40b3cea368b6a6b5674919429c?cid=04efa8f320b849739fa98c7d12ffbe9c,"Vespers, Op. 37: Nunc dimittis.mp3",Sinfonia Varsovia,0.166,0.0183,3,-27.084,0,0.0476,0.977,0.509,0.0731,0.036,83.565,Sad
2lZ4IicfSIP3e1vwUZ4MQj,classical era,"Piano Sonata No. 20 in A Major, D. 959: II. Andantino","./scrapes/Sad/Piano Sonata No. 20 in A Major, D. 959: II. Andantino.mp3",https://p.scdn.co/mp3-preview/9f77e255024872b77ce6f2961f5487b12f933cfc?cid=04efa8f320b849739fa98c7d12ffbe9c,"Piano Sonata No. 20 in A Major, D. 959: II. Andantino.mp3",Franz Schubert,0.315,0.0054,11,-26.582,0,0.047,0.984,0.938,0.0842,0.109,68.602,Sad
24OHApVHAq9Wv1yOPRronC,post-romantic era,"Vespers, Op. 37: Nunc dimittis","./scrapes/Sad/Vespers, Op. 37: Nunc dimittis.mp3",https://p.scdn.co/mp3-preview/b1ff752a53bdfd40b3cea368b6a6b5674919429c?cid=04efa8f320b849739fa98c7d12ffbe9c,"Vespers, Op. 37: Nunc dimittis.mp3",Sergei Rachmaninoff,0.166,0.0183,3,-27.084,0,0.0476,0.977,0.509,0.0731,0.036,83.565,Sad
3IvSvGAOVVMFwjdvnaNC7n,guitarra clasica,Preludio Saudade: La Catedral,./scrapes/Sad/Preludio Saudade: La Catedral.mp3,https://p.scdn.co/mp3-preview/5559344668e09bfcc61680721b9940749a778586?cid=04efa8f320b849739fa98c7d12ffbe9c,Preludio Saudade: La Catedral.mp3,Agustín Barrios Mangoré,0.345,0.0266,11,-29.77,0,0.0608,0.994,0.917,0.0937,0.309,96.767,Sad
24t1mpJc8FTPAkYjFdf9NQ,early romantic era,"Piano Sonata No. 14 in C-sharp minor, Op. 27, No. 2, ""Moonlight"": I. Adagio sostenuto","./scrapes/Sad/Piano Sonata No. 14 in C-sharp minor, Op. 27, No. 2, ""Moonlight"": I. Adagio sostenuto.mp3",https://p.scdn.co/mp3-preview/5cef33921367d2fc87c3f13c0accfbafe4b068e7?cid=04efa8f320b849739fa98c7d12ffbe9c,"Piano Sonata No. 14 in C-sharp minor, Op. 27, No. 2, ""Moonlight"": I. Adagio sostenuto.mp3",Ludwig van Beethoven,0.141,0.00123,1,-43.851,0,0.0429,0.994,0.942,0.11,0.0843,78.155,Sad
0cqcRqZgkNHanWQ8slYA0v,israeli classical piano,Mahler: Symphony No. 5 in C-Sharp Minor: IV. Adagietto. Sehr langsam,./scrapes/Sad/Mahler: Symphony No. 5 in C-Sharp Minor: IV. Adagietto. Sehr langsam.mp3,https://p.scdn.co/mp3-preview/425239e07aaa04332ef90ed4c4f80f0cd29abf59?cid=04efa8f320b849739fa98c7d12ffbe9c,Mahler: Symphony No. 5 in C-Sharp Minor: IV. Adagietto. Sehr langsam.mp3,Daniel Barenboim,0.0783,0.0523,5,-23.247,1,0.0471,0.896,0.945,0.0806,0.0327,82.015,Sad
4X8Os9bUh5jW72Sxelmq9L,baroque,Les Pleurs (version à 2 violes) (Mr. de Sainte Colombe),./scrapes/Sad/Les Pleurs (version à 2 violes) (Mr. de Sainte Colombe).mp3,https://p.scdn.co/mp3-preview/f2c3bddcf461ac7142f31bd48ee2b370d477a76a?cid=04efa8f320b849739fa98c7d12ffbe9c,Les Pleurs (version à 2 violes) (Mr. de Sainte Colombe).mp3,Monsieur de Sainte-Colombe,0.0709,0.0355,1,-23.091,0,0.0438,0.893,0.951,0.11,0.0387,76.591,Sad
